customerID,forename,surname,houseNumber,streetName,postcode,emailAddress
c0001,Klara,Couch,67,Haven Boulevard,GU26 6TQ,klara.couch@coolmail.com
c0002,Emmanuel,Fadipe,98,Onyx Street,WA1 3QN,mannyfadipe@beemail.com
c0003,Marion,Sheppard,53,Honor Row,BS27 3TN,marion.sheppard@yeehaa.com
c0004,Ravi,Aziz,136,Heart Way,WA1 2LD,ravi.aziz@jack.net
c0005,Ada,Bautista,14,Sycamore Avenue,NE4 9PS,ada@coolmail.com
c0006,Arsalan,Southern,160,Chestnut Street,HR9 7QX,arsalan.southern@yeehaa.com
c0007,Kacper,Libera,44,Chapel Avenue,BA1 5BW,kacper@hardy.biz
c0008,Kenan,Ali,199,Bloomfield Route,BT6 0ES,kenan@beemail.com
c0009,Humairaa,Barajas,52,Hope Way,HR9 7XQ,humairaa.barajas2@yeehaa.com
c0010,Gerard,Gallegos,190,Victory Row,B75 6TG,gerard.gallegos@yeehaa.com
c0011,Raheem,Saleem,4,Nova Boulevard,OL15 9HR,raheem@ferry.com
c0012,Shani,Navarro,7,Moon Street,DA16 2QQ,shani.navarro@yeehaa.com
c0013,Carlo,Hamer,162,Green Lane,OX20 1TH,carlo.hamertorp@beemail.com
c0014,Deon,Bonilla,52,West Way,SO53 1GR,deon.bonilla@heller.com
c0015,Tre,Steele,99,High Route,SK7 3LQ,tre.steeler@beemail.com
c0016,Dominika,Marchewka,155,Prince Route,NG17 2HU,dom.marchewka@coolmail.com
c0017,Hareem,Coleman,164,Underwood Avenue,CA13 0QL,hareem.coleman@coolmail.com
c0018,Vinay,Knight,181,Sycamore Lane,GY1 4AD,vinay.knight@yeehaa.com
c0019,Cole,Dunlop,169,Blossom Route,SE6 3BH,cole.dunlop@coolmail.com
c0020,Mahi,Andrade,185,Princess Lane,B77 3BG,mahi.andrade@turner.com
c0021,Oscar,Tate,25,Liberty Boulevard,EX33 1AR,oscar.tate@yeehaa.com
c0022,Ashwin,Bateman,173,Cross Street,LU4 9JQ,ashwin.bateman@coolmail.com
c0023,Ayyan,Brennan,153,Jade Route,CV10 7JL,ayyan.brennan@boehm.info
c0024,Ida,Simmonds,153,Mount Passage,FY4 1NU,ida.simmond@yeehaa.com
c0025,Alastair,Maynard,198,Providence Boulevard,PR7 4GZ,alastair.maynard@coolmail.com
c0026,Gurveer,Thompson,108,Windmill Boulevard,LN2 4BU,gurveer.thompson@gutkowski.com
c0027,Farhana,Deacon,8,Brewer Row,M12 4UU,farhana@beemail.com
c0028,Melissa,Beltran,109,Anchor Way,BT30 7UG,melissa.beltran@jacobs.biz
c0029,May,Hawes,138,Oceanview Street,TS22 5FS,may@von.org
c0030,Neal,Salt,139,Barley Route,GU26 6TQ,neal.salt@dooley.org
c0031,David,Ybet,18,Sugarplum Avenue,WA1 3QN,dave.ybet@coolmail.com
c0032,Marilyn,Meza,61,Clarity Street,BS27 3TN,marilyne@beemail.com
c0033,Dominik,Edmonds,160,Long Boulevard,WA1 2LD,dominik.edmonds@yeehaa.com
c0034,Emilie,Strong,199,Green Street,NE4 9PS,emilie.strong@beemail.com
c0035,Fahima,Mcclain,39,Windmill Passage,HR9 7QX,fahima.mcclain@feeney.com
c0036,Jun,Hirst,184,Lily Row,BA1 5BW,jun.hirst@lowe.com
c0037,Tea,Dupont,6,School Street,BT6 0ES,tea.dupont@yeehaa.com
c0038,Derek,Vega,151,Lower Passage,HR9 7XQ,derek.vega@coolmail.com
c0039,Nayla,Mccray,6,East Passage,B75 6TG,nayla.mccray@yeehaa.com
c0040,Hope,Uti,128,Diamond Row,N17 9SJ,hope.uti@coolmail.com
c0041,Ayden,Harrell,159,Theater Avenue,LU3 2AL,ayden.harrell@hackett.org
c0042,Caiden,Hebert,76,Bard Row,BL3 3TG,caiden.hebert@coolmail.com
c0043,Abdurahman,Luna,33,North Avenue,DE22 1JZ,abdurahman.luna@coolmail.com
c0044,Mack,Preston,104,Shade Street,PE22 0JG,mack.preston@yeehaa.com
c0045,Arissa,Davenport,114,Coastline Avenue,SA5 4BW,arissa.davenporte@coolmail.com
c0046,Asha,Bob,112,Winter Boulevard,BL3 1SR,asha.bobl@yeehaa.info
c0047,Samuel,Ngand'u,196,Seaview Row,DD2 2BB,sam.ngandu@yeehaa.com
c0048,Kieran,Brown,107,Crown Lane,M41 6DU,kieran.brown@coolmail.com
c0049,Fern,Orozco,1,Emerald Avenue,GU31 5SP,fern@beemail.com
c0050,Roma,Ross,50,General Street,WF2 7EY,roma@beemail.com
c0051,Shannen,Senior,155,Harbor Row,BT19 6WN,shannen.senior@yeehaa.com
c0052,Manveer,Duggan,1,Cave Avenue,BA14 6JS,manveer.duggan@coolmail.com
c0053,Ami,Clayton,101,Long Lane,TA21 8HZ,ami.clayton@beemail.com
c0054,Melina,Santiago,40,Green Passage,TD8 6NJ,melina.santiago@coolmail.com
c0055,Cain,Wilson,136,Delta Route,DE55 1AE,cain.wilson@coolmail.com
c0056,Neil,Bellamy,156,Wellness Avenue,OL11 2BH,neil.bellamy@coolmail.com
c0057,Griff,Croft,65,Vale Avenue,BS32 8HL,griff.croft@yeehaa.com
c0058,Sandy,Kerr,41,Cliff Avenue,OX1 4AZ,gail.lloyd@coolmail.com
c0059,Sebastien,Livingston,4,Blossom Passage,KA9 2EH,sebastien.livingston@beemail.com
c0060,Menaal,Molloy,154,Blessing Lane,WS11 5BU,menaal.molloy@yeehaa.com
c0061,Martha,Novak,22,Brewer Lane,TQ9 5PN,martha.novak@coolmail.com
c0062,Leigh,Haney,142,Emerald Route,LS8 3BX,leigh.haney@yeehaa.com
c0063,Joann,Stein,98,Honor Street,PL17 8HW,joann.stein@yeehaa.com
c0064,Ed,Payne,19,Art Row,TW13 4JL,ed.payneh@coolmail.com
c0065,Alexa,Mcgowan,158,Cavern Street,EX15 2AB,alexa.mcgowan@beemail.com
c0066,Akshay,Holmes,125,Delta Street,SR4 9AY,akshay.holmes@beemail.com
c0067,Lorraine,Doyle,127,Vermilion Lane,SE9 2LP,lorraine.doyle@yeehaa.com
c0068,Ahsan,Mckeown,169,Gilded Route,OX16 9FH,ahsan.mckeow@beemail.com
c0069,Maliha,Ashton,172,Prince Avenue,CH45 4QL,maliha.ashton@@yeehaa.com
c0070,Faizan,Sherman,58,Cypress Passage,FY2 9PS,faizan.sherman@@yeehaa.com
c0071,Mollie,Howell,162,Windmill Avenue,SM2 7HZ,mollie.howell@yeehaa.com
c0072,Gianni,Sawyer,33,Sun Street,NN1 3ND,gianni.sawyer@coolmail.com
c0073,Montgomery,Estrada,89,Brewer Passage,EH33 2NZ,montgomery.estrada@beemail.com
c0074,Sulayman,Williams,53,Orchid Passage,ME10 1JG,sulayman.williams@coolmail.com
c0075,Mysha,Valdez,13,Ruby Lane,M16 0HA,mysha@yeehaa.com
c0076,Veronica,Blackmore,72,Wetland Avenue,LE12 9EW,veronica@coolmail.com
c0077,Jillian,Ewing,102,Beachside Street,HX7 5RT,jillian.ewing@yeehaa.com
c0078,Jada,Sharp,180,Pearl Passage,BT92 6HU,jada.sharp@coolmail.com
c0079,Maha,Weber,111,Bliss Lane,G53 5JA,maha.weber@yeehaa.com
c0080,Ella,Ferrell,189,Colonel Boulevard,LA11 6PU,ella.ferrell@coolmail.com
c0081,Muhamed,Adamson,177,Globe Lane,DT2 7AF,muhamed.zdamson@coolmail.com
c0082,Calista,Heath,119,Ferry Row,GU52 7SQ,calista.heath@beemail.com
c0083,Alanah,Rossi,171,Grand Boulevard,B67 9EL,alanah.rossi@yeehaa.com
c0084,Jonny,Rodrigues,129,Brook Way,IM3 2AH,jonny.rodriguesn@yeehaa.com
c0085,Ava-Grace,Barry,38,Seacoast Boulevard,ME17 3LW,ava.barry@beemail.com
c0086,Betsy,Burns,109,Gem Row,ME19 4GJ,betsy.burns@yeehaa.com
c0087,Dulcie,Howells,130,Peace Route,S43 1HA,dulcie.howells@beemail.com
c0088,Dawid,Chambers,63,Orchard Lane,OL9 9EE,dawid.chamber@yeehaa.com
c0089,Vikki,Ho,57,Cliff Way,NG5 5RJ,vikki.ho@yeehaa.com
c0090,Kornelia,Cooley,98,Palm Lane,CA25 5AZ,kornelia.cooley@coolmail.com
